{
  "Mi-24": [
    {
      "triggerIndex": 0,
      "name": "High tempo main gun"
    },
    {
      "triggerIndex": 1,
      "name": "Low tempo main gun"
    },
    {
      "triggerIndex": 2,
      "name": "12.5 gun",
      "pod": "4.6.10.170"
    },
    {
      "triggerIndex": 3,
      "name": "7.65 gun",
      "pod": "4.6.10.170"
    },
    {
      "triggerIndex": 4,
      "name": "AP-30 Grande Launcher",
      "pod": "4.6.10.0"
    }
  ],
  "Ka-50": [
    {
      "triggerIndex": 0,
      "name": "High tempo main gun"
    },
    {
      "triggerIndex": 1,
      "name": "Low tempo main gun"
    },
    {
      "triggerIndex": 2,
      "name": "GSh-23L Auto Cannon Pod",
      "pod": "4.6.10.134"
    }
  ],
  "Su-25T": [
    {
      "name": "Main gun",
	  "index": 0
    },
    {
      "name": "GSh-23L Auto Cannon Pod",
      "pod": "4.6.6.134",
	  "index": 1
    }
  ],
  "Su-25": [
    {
      "name": "Main gun",
	  "index": 0
    },
    {
      "name": "GSh-23L Auto Cannon Pod",
      "pod": "4.6.6.134",
	  "index": 1
    }
  ],
  "Spitfire": [
    {
      "triggerIndex": 0,
      "name": "Hispano HS.404"
    },
    {
      "triggerIndex": 1,
      "name": "Browning 1919"
    }
  ],
  "FW-190A8": [
    {
      "triggerIndex": 0,
      "name": "Center MG 151 + MG 131"
    },
    {
      "triggerIndex": 1,
      "name": "Outer MG 151"
    }
  ],
  "MiG-15": [
    {
      "triggerIndex": 0,
      "name": "N-37"
    },
    {
      "triggerIndex": 1,
      "name": "NR-23"
    }
  ]
}