{
    "effects": {
        "ailerons": {
            "direct_x": {
                "active": true,
                "force": 15,
                "periodic": 100,
                "total_effect_strength": 100,
                "trimmer": 100
            },
            "smart_damper": {
                "active": true,
                "dynamic_dampening": 100,
                "static_dampening": 100,
                "total_effect_strength": 100
            }
        },
        "elevator": {
            "direct_x": {
                "active": true,
                "force": 20,
                "periodic": 0,
                "total_effect_strength": 100,
                "trimmer": 100
            },
            "smart_damper": {
                "active": true,
                "dynamic_dampening": 100,
                "static_dampening": 100,
                "total_effect_strength": 100
            }
        },
        "rudder": {
            "airflow_spring": {
                "active": true,
                "airspeed_force": 60,
                "attenuation_end_airspeed": 1000,
                "attenuation_start_airspeed": 255,
                "attenuation_strength": 70,
                "local_aoa_influence_strength": 0,
                "thrust_force": 0,
                "total_effect_strength": 100
            },
            "smart_damper": {
                "active": true,
                "dynamic_dampening": 250,
                "static_dampening": 60,
                "total_effect_strength": 100
            }
        }
    },
    "metadata": {
        "comment": "",
        "flight_data_source": 2,
        "flight_module": "Ka-50"
    }
}
