{
    "effects": {
        "ailerons": {
            "airbrake_shaker": {
                "active": true,
                "frequency": {
                    "exp": 0,
                    "max": 25,
                    "min": 16
                },
                "speed": {
                    "exp": 0,
                    "max": 400,
                    "min": 100
                },
                "total_effect_strength": 6
            },
            "aoa_shaker": {
                "active": true,
                "aoa": {
                    "exp": 80,
                    "max": 15,
                    "min": 8
                },
                "frequency": {
                    "exp": 0,
                    "max": 12,
                    "min": 5
                },
                "speed": {
                    "exp": 0,
                    "max": 400,
                    "min": 50
                },
                "total_effect_strength": 50
            },
            "direct_x": {
                "active": true,
                "force": 20,
                "periodic": 100,
                "total_effect_strength": 100,
                "trimmer": 100
            },
            "gear_shaker": {
                "active": true,
                "frequency": {
                    "exp": 0,
                    "max": 20,
                    "min": 10
                },
                "speed": {
                    "exp": 0,
                    "max": 750,
                    "min": 200
                },
                "total_effect_strength": 20
            },
            "landing_jolt": {
                "active": true,
                "effect_time": 400,
                "frequency": {
                    "exp": 0,
                    "max": 20,
                    "min": 10
                },
                "speed": {
                    "exp": -100,
                    "max": 200,
                    "min": 0
                },
                "total_effect_strength": 50
            },
            "on_ground_shaker": {
                "active": true,
                "frequency": {
                    "exp": -15,
                    "max": 12,
                    "min": 7
                },
                "speed": {
                    "exp": -75,
                    "max": 200,
                    "min": 5
                },
                "total_effect_strength": 30
            },
            "smart_damper": {
                "active": true,
                "dynamic_dampening": 43,
                "static_dampening": 100,
                "total_effect_strength": 100
            }
        },
        "elevator": {
            "aoa_spring": {
                "active": true,
                "curve": [
                    {
                        "in": -90,
                        "out": -100
                    },
                    {
                        "in": -72.25604248046875,
                        "out": -100
                    },
                    {
                        "in": -25.322900772094727,
                        "out": -100
                    },
                    {
                        "in": -15.772407531738281,
                        "out": -25.82159423828125
                    },
                    {
                        "in": -8.782361030578613,
                        "out": -9.04538345336914
                    },
                    {
                        "in": 0,
                        "out": 0
                    },
                    {
                        "in": 9.294452667236328,
                        "out": 8.419405937194824
                    },
                    {
                        "in": 16.796588897705078,
                        "out": 26.134580612182617
                    },
                    {
                        "in": 25.06686019897461,
                        "out": 100
                    },
                    {
                        "in": 73.79232025146484,
                        "out": 100
                    },
                    {
                        "in": 90,
                        "out": 100
                    }
                ],
                "total_effect_strength": 25
            },
            "direct_x": {
                "active": true,
                "force": 15,
                "periodic": 0,
                "total_effect_strength": 100,
                "trimmer": 100
            },
            "g_force_spring": {
                "active": true,
                "curve": [
                    {
                        "in": -10,
                        "out": -100
                    },
                    {
                        "in": -8.796586036682129,
                        "out": -77.18309783935547
                    },
                    {
                        "in": -7.5689897537231445,
                        "out": -54.67918395996094
                    },
                    {
                        "in": -5.312943935394287,
                        "out": -30.297340393066406
                    },
                    {
                        "in": -2.967283010482788,
                        "out": -13.114240646362305
                    },
                    {
                        "in": 0,
                        "out": 0
                    },
                    {
                        "in": 2.4551920890808105,
                        "out": 12.801252365112305
                    },
                    {
                        "in": 4.796586513519287,
                        "out": 27.793426513671875
                    },
                    {
                        "in": 6.6870551109313965,
                        "out": 45.602500915527344
                    },
                    {
                        "in": 8.341394424438477,
                        "out": 68.73239135742188
                    },
                    {
                        "in": 10,
                        "out": 100
                    }
                ],
                "total_effect_strength": 50
            },
            "landing_jolt": {
                "active": true,
                "effect_time": 250,
                "frequency": {
                    "exp": 0,
                    "max": 17,
                    "min": 8
                },
                "speed": {
                    "exp": -100,
                    "max": 200,
                    "min": 0
                },
                "total_effect_strength": 50
            },
            "smart_damper": {
                "active": true,
                "dynamic_dampening": 100,
                "static_dampening": 100,
                "total_effect_strength": 100
            }
        },
        "rudder": {
        },
        "throttle_collective": {
        }
    },
    "metadata": {
        "comment": "",
        "flight_data_source": 2,
        "flight_module": "F-5E-3"
    }
}
