{
    "effects": {
        "ailerons": {
            "airflow_spring": {
                "active": true,
                "airspeed_force": 20,
                "attenuation_end_airspeed": 800,
                "attenuation_start_airspeed": 200,
                "attenuation_strength": 100,
                "local_aoa_influence_strength": 0,
                "thrust_force": 0,
                "total_effect_strength": 100
            },
            "direct_x": {
                "active": true,
                "force": 5,
                "periodic": 80,
                "total_effect_strength": 100,
                "trimmer": 100
            },
            "flaps_shaker": {
                "active": true,
                "frequency": {
                    "exp": 0,
                    "max": 12,
                    "min": 8
                },
                "speed": {
                    "exp": 0,
                    "max": 250,
                    "min": 10
                },
                "total_effect_strength": 5
            },
            "gear_shaker": {
                "active": true,
                "frequency": {
                    "exp": 0,
                    "max": 17,
                    "min": 9
                },
                "speed": {
                    "exp": -30,
                    "max": 250,
                    "min": 50
                },
                "total_effect_strength": 7
            },
            "landing_jolt": {
                "active": true,
                "effect_time": 250,
                "frequency": {
                    "exp": 0,
                    "max": 20,
                    "min": 10
                },
                "speed": {
                    "exp": -100,
                    "max": 200,
                    "min": 0
                },
                "total_effect_strength": 60
            },
            "on_ground_shaker": {
                "active": true,
                "frequency": {
                    "exp": -15,
                    "max": 12,
                    "min": 7
                },
                "speed": {
                    "exp": -75,
                    "max": 200,
                    "min": 5
                },
                "total_effect_strength": 20
            },
            "smart_damper": {
                "active": true,
                "dynamic_dampening": 100,
                "static_dampening": 100,
                "total_effect_strength": 100
            }
        },
        "elevator": {
            "airflow_spring": {
                "active": true,
                "airspeed_force": 50,
                "attenuation_end_airspeed": 800,
                "attenuation_start_airspeed": 200,
                "attenuation_strength": 100,
                "local_aoa_influence_strength": 50,
                "thrust_force": 8,
                "total_effect_strength": 100
            },
            "direct_x": {
                "active": true,
                "force": 15,
                "periodic": 0,
                "total_effect_strength": 100,
                "trimmer": 100
            },
            "elevator_weight": {
                "active": true,
                "total_effect_strength": 4
            },
            "landing_jolt": {
                "active": true,
                "effect_time": 250,
                "frequency": {
                    "exp": 0,
                    "max": 15,
                    "min": 10
                },
                "speed": {
                    "exp": -100,
                    "max": 200,
                    "min": 0
                },
                "total_effect_strength": 50
            },
            "smart_damper": {
                "active": true,
                "dynamic_dampening": 100,
                "static_dampening": 100,
                "total_effect_strength": 100
            }
        },
        "rudder": {
        }
    },
    "metadata": {
        "comment": "",
        "flight_data_source": 2,
        "flight_module": "FW-190A8"
    }
}
