{
    "effects": {
        "ailerons": {
            "direct_x": {
                "active": true,
                "force": 100,
                "periodic": 0,
                "total_effect_strength": 100,
                "trimmer": 100
            },
            "smart_damper": {
                "active": true,
                "dynamic_dampening": 30,
                "static_dampening": 30,
                "total_effect_strength": 100
            }
        },
        "elevator": {
            "direct_x": {
                "active": true,
                "force": 100,
                "periodic": 0,
                "total_effect_strength": 100,
                "trimmer": 100
            },
            "smart_damper": {
                "active": true,
                "dynamic_dampening": 30,
                "static_dampening": 30,
                "total_effect_strength": 100
            }
        },
        "rudder": {
        }
    },
    "metadata": {
        "comment": "",
        "flight_data_source": 5,
        "flight_module": "Generic glider"
    }
}
