{
    "effects": {
        "ailerons": {
            "airbrake_shaker": {
                "active": true,
                "frequency": {
                    "exp": 0,
                    "max": 25,
                    "min": 16
                },
                "speed": {
                    "exp": 0,
                    "max": 800,
                    "min": 400
                },
                "total_effect_strength": 25
            },
            "aoa_shaker": {
                "active": true,
                "aoa": {
                    "exp": 80,
                    "max": 15,
                    "min": 8
                },
                "frequency": {
                    "exp": 0,
                    "max": 12,
                    "min": 5
                },
                "speed": {
                    "exp": 0,
                    "max": 400,
                    "min": 50
                },
                "total_effect_strength": 50
            },
            "direct_x": {
                "active": true,
                "force": 20,
                "periodic": 100,
                "total_effect_strength": 100,
                "trimmer": 100
            },
            "gear_shaker": {
                "active": true,
                "frequency": {
                    "exp": 0,
                    "max": 25,
                    "min": 10
                },
                "speed": {
                    "exp": 0,
                    "max": 750,
                    "min": 275
                },
                "total_effect_strength": 25
            },
            "landing_jolt": {
                "active": true,
                "effect_time": 400,
                "frequency": {
                    "exp": 0,
                    "max": 20,
                    "min": 10
                },
                "speed": {
                    "exp": -100,
                    "max": 200,
                    "min": 0
                },
                "total_effect_strength": 50
            },
            "on_ground_shaker": {
                "active": true,
                "frequency": {
                    "exp": -15,
                    "max": 12,
                    "min": 7
                },
                "speed": {
                    "exp": -75,
                    "max": 200,
                    "min": 5
                },
                "total_effect_strength": 35
            },
            "smart_damper": {
                "active": true,
                "dynamic_dampening": 100,
                "static_dampening": 150,
                "total_effect_strength": 100
            }
        },
        "elevator": {
            "aoa_spring": {
                "active": true,
                "curve": [
                    {
                        "in": -90,
                        "out": -100
                    },
                    {
                        "in": -72.25604248046875,
                        "out": -100
                    },
                    {
                        "in": -25.322900772094727,
                        "out": -100
                    },
                    {
                        "in": -19.10099983215332,
                        "out": -14.553988456726074
                    },
                    {
                        "in": -10.83072566986084,
                        "out": -3.4115803241729736
                    },
                    {
                        "in": 0,
                        "out": 0
                    },
                    {
                        "in": 10.57468032836914,
                        "out": 2.472614049911499
                    },
                    {
                        "in": 18.844953536987305,
                        "out": 16.744909286499023
                    },
                    {
                        "in": 25.06686019897461,
                        "out": 100
                    },
                    {
                        "in": 73.79232025146484,
                        "out": 100
                    },
                    {
                        "in": 90,
                        "out": 100
                    }
                ],
                "total_effect_strength": 25
            },
            "direct_x": {
                "active": true,
                "force": 20,
                "periodic": 0,
                "total_effect_strength": 100,
                "trimmer": 100
            },
            "g_force_spring": {
                "active": true,
                "curve": [
                    {
                        "in": -10,
                        "out": -100
                    },
                    {
                        "in": -8.995732307434082,
                        "out": -74.67919158935547
                    },
                    {
                        "in": -7.512090682983398,
                        "out": -54.36619186401367
                    },
                    {
                        "in": -5.341393947601318,
                        "out": -31.862289428710938
                    },
                    {
                        "in": -2.6543385982513428,
                        "out": -13.740219116210938
                    },
                    {
                        "in": 0,
                        "out": 0
                    },
                    {
                        "in": 2.6258890628814697,
                        "out": 14.679186820983887
                    },
                    {
                        "in": 4.938834190368652,
                        "out": 29.35837745666504
                    },
                    {
                        "in": 7.199146270751953,
                        "out": 50.92332077026367
                    },
                    {
                        "in": 8.853486061096191,
                        "out": 75.93113708496094
                    },
                    {
                        "in": 10,
                        "out": 100
                    }
                ],
                "total_effect_strength": 40
            },
            "landing_jolt": {
                "active": true,
                "effect_time": 250,
                "frequency": {
                    "exp": 0,
                    "max": 17,
                    "min": 8
                },
                "speed": {
                    "exp": -100,
                    "max": 200,
                    "min": 0
                },
                "total_effect_strength": 50
            },
            "smart_damper": {
                "active": true,
                "dynamic_dampening": 100,
                "static_dampening": 150,
                "total_effect_strength": 100
            }
        },
        "rudder": {
        },
        "throttle_collective": {
        }
    },
    "metadata": {
        "comment": "",
        "flight_data_source": 2,
        "flight_module": "FA-18C_hornet"
    }
}
