{
    "effects": {
        "ailerons": {
            "airflow_spring": {
                "active": true,
                "airspeed_force": 10,
                "attenuation_end_airspeed": 658,
                "attenuation_start_airspeed": 242,
                "attenuation_strength": 19,
                "local_aoa_influence_strength": 0,
                "thrust_force": 0,
                "total_effect_strength": 100
            },
            "direct_x": {
                "active": true,
                "force": 0,
                "periodic": 15,
                "total_effect_strength": 100,
                "trimmer": 100
            },
            "smart_damper": {
                "active": true,
                "dynamic_dampening": 45,
                "static_dampening": 15,
                "total_effect_strength": 100
            }
        },
        "elevator": {
            "airflow_spring": {
                "active": true,
                "airspeed_force": 35,
                "attenuation_end_airspeed": 650,
                "attenuation_start_airspeed": 325,
                "attenuation_strength": 0,
                "local_aoa_influence_strength": 40,
                "thrust_force": 15,
                "total_effect_strength": 100
            },
            "direct_x": {
                "active": true,
                "force": 0,
                "periodic": 0,
                "total_effect_strength": 100,
                "trimmer": 100
            },
            "elevator_weight": {
                "active": true,
                "total_effect_strength": 5
            },
            "smart_damper": {
                "active": true,
                "dynamic_dampening": 50,
                "static_dampening": 3,
                "total_effect_strength": 100
            }
        },
        "rudder": {
            "airflow_spring": {
                "active": true,
                "airspeed_force": 55,
                "attenuation_end_airspeed": 600,
                "attenuation_start_airspeed": 223,
                "attenuation_strength": 7,
                "local_aoa_influence_strength": 0,
                "thrust_force": 25,
                "total_effect_strength": 100
            },
            "direct_x": {
                "active": true,
                "force": 0,
                "periodic": 10,
                "total_effect_strength": 100,
                "trimmer": 100
            },
            "smart_damper": {
                "active": true,
                "dynamic_dampening": 40,
                "static_dampening": 15,
                "total_effect_strength": 100
            }
        }
    },
    "metadata": {
        "comment": "Victor's design",
        "flight_data_source": 2,
        "flight_module": "P-51"
    }
}
