{
    "effects": {
        "ailerons": {
            "airbrake_shaker": {
                "active": true,
                "frequency": {
                    "exp": 0,
                    "max": 20,
                    "min": 10
                },
                "speed": {
                    "exp": 0,
                    "max": 800,
                    "min": 400
                },
                "total_effect_strength": 20
            },
            "direct_x": {
                "active": true,
                "force": 20,
                "periodic": 100,
                "total_effect_strength": 100,
                "trimmer": 100
            },
            "flaps_shaker": {
                "active": true,
                "frequency": {
                    "exp": 0,
                    "max": 12,
                    "min": 8
                },
                "speed": {
                    "exp": 0,
                    "max": 600,
                    "min": 300
                },
                "total_effect_strength": 5
            },
            "gear_shaker": {
                "active": true,
                "frequency": {
                    "exp": 0,
                    "max": 20,
                    "min": 10
                },
                "speed": {
                    "exp": 0,
                    "max": 606,
                    "min": 200
                },
                "total_effect_strength": 15
            },
            "landing_jolt": {
                "active": true,
                "effect_time": 400,
                "frequency": {
                    "exp": 0,
                    "max": 20,
                    "min": 10
                },
                "speed": {
                    "exp": -100,
                    "max": 200,
                    "min": 0
                },
                "total_effect_strength": 50
            },
            "on_ground_shaker": {
                "active": true,
                "frequency": {
                    "exp": -15,
                    "max": 12,
                    "min": 7
                },
                "speed": {
                    "exp": -75,
                    "max": 200,
                    "min": 40
                },
                "total_effect_strength": 20
            },
            "smart_damper": {
                "active": true,
                "dynamic_dampening": 100,
                "static_dampening": 100,
                "total_effect_strength": 100
            }
        },
        "elevator": {
            "direct_x": {
                "active": true,
                "force": 30,
                "periodic": 0,
                "total_effect_strength": 100,
                "trimmer": 100
            },
            "landing_jolt": {
                "active": true,
                "effect_time": 250,
                "frequency": {
                    "exp": 0,
                    "max": 17,
                    "min": 8
                },
                "speed": {
                    "exp": -100,
                    "max": 200,
                    "min": 0
                },
                "total_effect_strength": 50
            },
            "smart_damper": {
                "active": true,
                "dynamic_dampening": 100,
                "static_dampening": 100,
                "total_effect_strength": 100
            }
        },
        "rudder": {
        }
    },
    "metadata": {
        "comment": "",
        "flight_data_source": 2,
        "flight_module": "F-14B"
    }
}
