{
    "effects": {
        "ailerons": {
            "airbrake_shaker": {
                "active": true,
                "frequency": {
                    "exp": 0,
                    "max": 25,
                    "min": 16
                },
                "speed": {
                    "exp": 0,
                    "max": 800,
                    "min": 400
                },
                "total_effect_strength": 25
            },
            "airflow_spring": {
                "active": true,
                "airspeed_force": 20,
                "attenuation_end_airspeed": 1000,
                "attenuation_start_airspeed": 500,
                "attenuation_strength": 0,
                "local_aoa_influence_strength": 0,
                "thrust_force": 0,
                "total_effect_strength": 30
            },
            "aoa_shaker": {
                "active": true,
                "aoa": {
                    "exp": 80,
                    "max": 15,
                    "min": 8
                },
                "frequency": {
                    "exp": 0,
                    "max": 12,
                    "min": 5
                },
                "speed": {
                    "exp": 0,
                    "max": 400,
                    "min": 50
                },
                "total_effect_strength": 50
            },
            "direct_x": {
                "active": true,
                "force": 10,
                "periodic": 100,
                "total_effect_strength": 100,
                "trimmer": 100
            },
            "gear_shaker": {
                "active": true,
                "frequency": {
                    "exp": 0,
                    "max": 25,
                    "min": 10
                },
                "speed": {
                    "exp": 0,
                    "max": 750,
                    "min": 275
                },
                "total_effect_strength": 25
            },
            "landing_jolt": {
                "active": true,
                "effect_time": 400,
                "frequency": {
                    "exp": 0,
                    "max": 20,
                    "min": 10
                },
                "speed": {
                    "exp": -100,
                    "max": 200,
                    "min": 0
                },
                "total_effect_strength": 50
            },
            "on_ground_shaker": {
                "active": true,
                "frequency": {
                    "exp": -15,
                    "max": 12,
                    "min": 7
                },
                "speed": {
                    "exp": -75,
                    "max": 200,
                    "min": 5
                },
                "total_effect_strength": 35
            },
            "smart_damper": {
                "active": true,
                "dynamic_dampening": 100,
                "static_dampening": 100,
                "total_effect_strength": 100
            }
        },
        "elevator": {
            "airflow_spring": {
                "active": true,
                "airspeed_force": 20,
                "attenuation_end_airspeed": 1000,
                "attenuation_start_airspeed": 500,
                "attenuation_strength": 0,
                "local_aoa_influence_strength": 0,
                "thrust_force": 0,
                "total_effect_strength": 40
            },
            "direct_x": {
                "active": true,
                "force": 30,
                "periodic": 0,
                "total_effect_strength": 100,
                "trimmer": 100
            },
            "landing_jolt": {
                "active": true,
                "effect_time": 250,
                "frequency": {
                    "exp": 0,
                    "max": 17,
                    "min": 8
                },
                "speed": {
                    "exp": -100,
                    "max": 200,
                    "min": 0
                },
                "total_effect_strength": 50
            },
            "smart_damper": {
                "active": true,
                "dynamic_dampening": 100,
                "static_dampening": 100,
                "total_effect_strength": 100
            }
        },
        "rudder": {
        }
    },
    "metadata": {
        "comment": "",
        "flight_data_source": 2,
        "flight_module": "FA-18C_hornet"
    }
}
