{
    "effects": {
        "ailerons": {
            "airflow_spring": {
                "active": true,
                "airspeed_force": 20,
                "attenuation_end_airspeed": 800,
                "attenuation_start_airspeed": 200,
                "attenuation_strength": 100,
                "local_aoa_influence_strength": 0,
                "thrust_force": 0,
                "total_effect_strength": 70
            },
            "direct_x": {
                "active": true,
                "force": 5,
                "periodic": 30,
                "total_effect_strength": 100,
                "trimmer": 100
            },
            "flaps_shaker": {
                "active": true,
                "frequency": {
                    "exp": 0,
                    "max": 12,
                    "min": 8
                },
                "speed": {
                    "exp": 0,
                    "max": 250,
                    "min": 10
                },
                "total_effect_strength": 6
            },
            "gear_shaker": {
                "active": true,
                "frequency": {
                    "exp": 0,
                    "max": 17,
                    "min": 9
                },
                "speed": {
                    "exp": -30,
                    "max": 250,
                    "min": 50
                },
                "total_effect_strength": 6
            },
            "landing_jolt": {
                "active": true,
                "effect_time": 250,
                "frequency": {
                    "exp": 0,
                    "max": 20,
                    "min": 10
                },
                "speed": {
                    "exp": -100,
                    "max": 200,
                    "min": 0
                },
                "total_effect_strength": 60
            },
            "on_ground_shaker": {
                "active": true,
                "frequency": {
                    "exp": -15,
                    "max": 12,
                    "min": 7
                },
                "speed": {
                    "exp": -75,
                    "max": 200,
                    "min": 5
                },
                "total_effect_strength": 20
            },
            "smart_damper": {
                "active": true,
                "dynamic_dampening": 100,
                "static_dampening": 100,
                "total_effect_strength": 100
            }
        },
        "elevator": {
            "airflow_spring": {
                "active": true,
                "airspeed_force": 60,
                "attenuation_end_airspeed": 625,
                "attenuation_start_airspeed": 200,
                "attenuation_strength": 100,
                "local_aoa_influence_strength": 50,
                "thrust_force": 10,
                "total_effect_strength": 100
            },
            "direct_x": {
                "active": true,
                "force": 5,
                "periodic": 0,
                "total_effect_strength": 100,
                "trimmer": 100
            },
            "elevator_weight": {
                "active": true,
                "total_effect_strength": 5
            },
            "g_force_spring": {
                "active": true,
                "curve": [
                    {
                        "in": -10,
                        "out": -100
                    },
                    {
                        "in": -8.796586036682129,
                        "out": -77.18309783935547
                    },
                    {
                        "in": -7.5689897537231445,
                        "out": -54.67918395996094
                    },
                    {
                        "in": -5.312943935394287,
                        "out": -30.297340393066406
                    },
                    {
                        "in": -2.967283010482788,
                        "out": -13.114240646362305
                    },
                    {
                        "in": 0,
                        "out": 0
                    },
                    {
                        "in": 2.4551920890808105,
                        "out": 12.801252365112305
                    },
                    {
                        "in": 4.796586513519287,
                        "out": 27.793426513671875
                    },
                    {
                        "in": 6.6870551109313965,
                        "out": 45.602500915527344
                    },
                    {
                        "in": 8.341394424438477,
                        "out": 68.73239135742188
                    },
                    {
                        "in": 10,
                        "out": 100
                    }
                ],
                "total_effect_strength": 60
            },
            "landing_jolt": {
                "active": true,
                "effect_time": 250,
                "frequency": {
                    "exp": 0,
                    "max": 15,
                    "min": 10
                },
                "speed": {
                    "exp": -100,
                    "max": 200,
                    "min": 0
                },
                "total_effect_strength": 50
            },
            "smart_damper": {
                "active": true,
                "dynamic_dampening": 200,
                "static_dampening": 100,
                "total_effect_strength": 100
            }
        },
        "rudder": {
        },
        "throttle_collective": {
        }
    },
    "metadata": {
        "comment": "",
        "flight_data_source": 2,
        "flight_module": "SpitfireLFMkIX"
    }
}
