{
    "effects": {
        "ailerons": {
            "airflow_spring": {
                "active": true,
                "airspeed_force": 20,
                "attenuation_end_airspeed": 500,
                "attenuation_start_airspeed": 150,
                "attenuation_strength": 100,
                "local_aoa_influence_strength": 0,
                "thrust_force": 0,
                "total_effect_strength": 100
            },
            "aoa_shaker": {
                "active": true,
                "aoa": {
                    "exp": 75,
                    "max": 9,
                    "min": 3
                },
                "frequency": {
                    "exp": 0,
                    "max": 12,
                    "min": 5
                },
                "speed": {
                    "exp": 0,
                    "max": 120,
                    "min": 30
                },
                "total_effect_strength": 40
            },
            "landing_jolt": {
                "active": true,
                "effect_time": 400,
                "frequency": {
                    "exp": 0,
                    "max": 20,
                    "min": 10
                },
                "speed": {
                    "exp": -100,
                    "max": 200,
                    "min": 0
                },
                "total_effect_strength": 50
            },
            "on_ground_shaker": {
                "active": true,
                "frequency": {
                    "exp": -15,
                    "max": 12,
                    "min": 7
                },
                "speed": {
                    "exp": -75,
                    "max": 100,
                    "min": 5
                },
                "total_effect_strength": 30
            },
            "smart_damper": {
                "active": true,
                "dynamic_dampening": 30,
                "static_dampening": 30,
                "total_effect_strength": 100
            }
        },
        "elevator": {
            "airflow_spring": {
                "active": true,
                "airspeed_force": 30,
                "attenuation_end_airspeed": 500,
                "attenuation_start_airspeed": 150,
                "attenuation_strength": 100,
                "local_aoa_influence_strength": 40,
                "thrust_force": 20,
                "total_effect_strength": 100
            },
            "landing_jolt": {
                "active": true,
                "effect_time": 250,
                "frequency": {
                    "exp": 0,
                    "max": 17,
                    "min": 8
                },
                "speed": {
                    "exp": -100,
                    "max": 200,
                    "min": 0
                },
                "total_effect_strength": 50
            },
            "smart_damper": {
                "active": true,
                "dynamic_dampening": 35,
                "static_dampening": 30,
                "total_effect_strength": 100
            }
        },
        "rudder": {
        }
    },
    "metadata": {
        "comment": "",
        "flight_data_source": 1,
        "flight_module": "DA40-NG Asobo"
    }
}
