{
  "1.3.43.103": {
    "name": "Fuel tank FT600",
    "weight": 1500
  },
  "1.3.43.107": {
    "name": "PTB-150",
    "weight": 150
  },
  "1.3.43.11": {
    "name": "fuel_tank_370gal",
    "weight": 1300
  },
  "1.3.43.12": {
    "name": "fuel_tank_300gal",
    "weight": 1135
  },
  "1.3.43.17": {
    "name": "fuel tank 1500 l",
    "weight": 1500
  },
  "1.3.43.36": {
    "name": "275 Gal Fuel Tank",
    "weight": 1041
  },
  "1.3.43.485": {
    "name": "Fuel tank 300 gal",
    "weight": 1135
  },
  "1.3.43.54": {
    "name": "fuel tank 800 l wing",
    "weight": 800
  },
  "1.3.43.587": {
    "name": "FPU_8A",
    "weight": 1250
  },
  "1.3.43.61": {
    "name": "PTB-1150-29",
    "weight": 1150
  },
  "4.15.44.101": {
    "name": "AN/AAQ-28 LITENING",
    "weight": 208
  },
  "4.15.44.424": {
    "name": "ANAWW-13",
    "weight": 313
  },
  "4.15.44.426": {
    "name": "AN_ASQ_228",
    "weight": 191
  },
  "4.15.44.486": {
    "name": "HB_F14_EXT_LANTIRN_PYLON",
    "weight": 100
  },
  "4.15.44.65": {
    "name": "PHANTASM",
    "weight": 300
  },
  "4.15.44.808": {
    "name": "f-16c_hts_pod",
    "weight": 100
  },
  "4.15.45.173": {
    "name": "sorbtsiya",
    "weight": 150
  },
  "4.15.45.29": {
    "name": "sorbtsiya",
    "weight": 150
  },
  "4.15.45.968": {
    "name": "alq-184long",
    "weight": 100
  },
  "4.15.47.108": {
    "name": "AIS-POD-T50",
    "weight": 100
  },
  "4.4.100.143": {
    "name": "CATM-9M",
    "weight": 300
  },
  "4.4.7.10": {
    "name": "r-60",
    "weight": 150
  },
  "4.4.7.106": {
    "name": "AIM-120C",
    "weight": 300
  },
  "4.4.7.13": {
    "name": "R-27R (AA-10A)",
    "weight": 350
  },
  "4.4.7.135": {
    "name": "AIM-9P",
    "weight": 300
  },
  "4.4.7.136": {
    "name": "AIM-9X",
    "weight": 300
  },
  "4.4.7.14": {
    "name": "R-27ER (AA-10C)",
    "weight": 350
  },
  "4.4.7.15": {
    "name": "R-27T (AA-10B)",
    "weight": 350
  },
  "4.4.7.16": {
    "name": "R-27ET (AA-10D) ",
    "weight": 350
  },
  "4.4.7.18": {
    "name": "R-73 (AA-11)",
    "weight": 150
  },
  "4.4.7.19": {
    "name": "R-77 (AA-12)",
    "weight": 350
  },
  "4.4.7.21": {
    "name": "AIM-7M",
    "weight": 350
  },
  "4.4.7.22": {
    "name": "AIM-9M",
    "weight": 300
  },
  "4.4.7.24": {
    "name": "AIM-120B",
    "weight": 300
  },
  "4.4.7.266": {
    "name": "AIM-9P5",
    "weight": 300
  },
  "4.4.7.267": {
    "name": "AIM-9L",
    "weight": 300
  },
  "4.4.7.269": {
    "name": "AIM-7F",
    "weight": 350
  },
  "4.4.7.270": {
    "name": "AIM-7MH",
    "weight": 350
  },
  "4.4.7.320": {
    "name": "AIM-54A-Mk47",
    "weight": 500
  },
  "4.4.7.321": {
    "name": "AIM-54A-Mk60",
    "weight": 500
  },
  "4.4.7.322": {
    "name": "AIM-54C-Mk47",
    "weight": 500
  },
  "4.4.7.339": {
    "name": "R-60",
    "weight": 150
  },
  "4.4.7.397": {
    "name": "AIM-7P",
    "weight": 350
  },
  "4.4.7.405": {
    "name": "AIM-54C-Mk60",
    "weight": 500
  },
  "4.4.7.412": {
    "name": "AIM-9P3",
    "weight": 300
  },
  "4.4.8.132": {
    "name": "AGM-154 JSOW",
    "weight": 500
  },
  "4.4.8.133": {
    "name": "S-25L",
    "weight": 400
  },
  "4.4.8.138": {
    "name": "AGM-65H",
    "weight": 304
  },
  "4.4.8.139": {
    "name": "AGM-65G",
    "weight": 304
  },
  "4.4.8.278": {
    "name": "AGM-84D",
    "weight": 700
  },
  "4.4.8.279": {
    "name": "AGM-84H",
    "weight": 700
  },
  "4.4.8.280": {
    "name": "AGM-154A",
    "weight": 700
  },
  "4.4.8.287": {
    "name": "Kh-25MP",
    "weight": 400
  },
  "4.4.8.289": {
    "name": "ADM-141A",
    "weight": 200
  },
  "4.4.8.45": {
    "name": "Kh-25ML (AS-10 Karen)",
    "weight": 400
  },
  "4.4.8.46": {
    "name": "Kh-58 (AS-11 Kilter)",
    "weight": 640
  },
  "4.4.8.47": {
    "name": "Kh-25MPU (AS-12 Kegler)",
    "weight": 400
  },
  "4.4.8.48": {
    "name": "AT-6",
    "weight": 150
  },
  "4.4.8.49": {
    "name": "Kh-29L (AS-14)",
    "weight": 700
  },
  "4.4.8.58": {
    "name": "9M127 Vikhr",
    "weight": 100
  },
  "4.4.8.61": {
    "name": "AGM-65K",
    "weight": 304
  },
  "4.4.8.63": {
    "name": "AGM-84E SLAM",
    "weight": 650
  },
  "4.4.8.65": {
    "name": "AGM-88 HARM",
    "weight": 500
  },
  "4.4.8.70": {
    "name": "AGM-65E",
    "weight": 400
  },
  "4.4.8.75": {
    "name": "Kh-29T (AS-14 Kedge)",
    "weight": 700
  },
  "4.4.8.77": {
    "name": "AGM-65D",
    "weight": 350
  },
  "4.5.36.290": {
    "name": "GBU-31(V)2/B",
    "weight": 935
  },
  "4.5.36.291": {
    "name": "GBU-31(V)4/B",
    "weight": 970
  },
  "4.5.36.292": {
    "name": "GBU-32(V)2/B",
    "weight": 467
  },
  "4.5.36.36": {
    "name": "GBU-10",
    "weight": 959
  },
  "4.5.36.38": {
    "name": "GBU-12",
    "weight": 277
  },
  "4.5.36.39": {
    "name": "GBU-16",
    "weight": 513
  },
  "4.5.36.41": {
    "name": "GBU-24A/B Paveway III",
    "weight": 1087
  },
  "4.5.36.85": {
    "name": "GBU-31(V)1/B",
    "weight": 925
  },
  "4.5.36.86": {
    "name": "GBU-38(V)1/B",
    "weight": 253
  },
  "4.5.36.92": {
    "name": "GBU-31(V)3/B",
    "weight": 961
  },
  "4.5.37.3": {
    "name": "BETAB-500",
    "weight": 500
  },
  "4.5.37.4": {
    "name": "BETAB-500SHP",
    "weight": 500
  },
  "4.5.38.18": {
    "name": "RBK-250",
    "weight": 250
  },
  "4.5.38.20": {
    "name": "RBK-500AO",
    "weight": 500
  },
  "4.5.38.299": {
    "name": "RBK-250-275 AO-1SCh",
    "weight": 273
  },
  "4.5.38.301": {
    "name": "RBK-500U OAB-2.5RT",
    "weight": 500
  },
  "4.5.38.35": {
    "name": "CBU-97",
    "weight": 420
  },
  "4.5.38.361": {
    "name": "BKF - 12 x AO-2.5RT",
    "weight": 100
  },
  "4.5.38.362": {
    "name": "BKF - 12 x PTAB-2.5KO",
    "weight": 100
  },
  "4.5.38.45": {
    "name": "Mk20 Rockeye",
    "weight": 100
  },
  "4.5.38.77": {
    "name": "CBU-87",
    "weight": 420
  },
  "4.5.38.91": {
    "name": "RBK-500U",
    "weight": 500
  },
  "4.5.38.93": {
    "name": "SUU-30H",
    "weight": 100
  },
  "4.5.9.30": {
    "name": "Mk-81",
    "weight": 113
  },
  "4.5.9.31": {
    "name": "Mk-82",
    "weight": 228
  },
  "4.5.9.32": {
    "name": "Mk-83",
    "weight": 454
  },
  "4.5.9.323": {
    "name": "OFAB-100-110TU",
    "weight": 121
  },
  "4.5.9.33": {
    "name": "Mk-84",
    "weight": 908
  },
  "4.5.9.34": {
    "name": "M117",
    "weight": 408
  },
  "4.5.9.374": {
    "name": "FAB-250-M62 GP",
    "weight": 250
  },
  "4.5.9.413": {
    "name": "Mk_84AIR_TP",
    "weight": 911
  },
  "4.5.9.5": {
    "name": "FAB-100",
    "weight": 100
  },
  "4.5.9.6": {
    "name": "FAB-250",
    "weight": 250
  },
  "4.5.9.7": {
    "name": "FAB-500",
    "weight": 500
  },
  "4.5.9.75": {
    "name": "Mk-82AIR",
    "weight": 242
  },
  "4.5.9.79": {
    "name": "Mk-82 SnakeEye",
    "weight": 249
  },
  "4.7.33.144": {
    "name": "Hydra 70 Mk 1 HE",
    "weight": 50
  },
  "4.7.33.145": {
    "name": "Hydra 70 Mk 5 HEAT",
    "weight": 50
  },
  "4.7.33.146": {
    "name": "Hydra 70 Mk 61 TP",
    "weight": 50
  },
  "4.7.33.147": {
    "name": "Hydra 70 M151 HE",
    "weight": 50
  },
  "4.7.33.148": {
    "name": "Hydra 70 M156 SM",
    "weight": 50
  },
  "4.7.33.149": {
    "name": "Hydra 70 WTU-1/B TP",
    "weight": 50
  },
  "4.7.33.150": {
    "name": "Hydra 70 M274 TP-SM",
    "weight": 50
  },
  "4.7.33.151": {
    "name": "Hydra 70 M257 IL",
    "weight": 50
  },
  "4.7.33.155": {
    "name": "S-8OFP2 MPP",
    "weight": 70
  },
  "4.7.33.158": {
    "name": "S-8OM IL",
    "weight": 70
  },
  "4.7.33.30": {
    "name": "S-8TsM SM Orange",
    "weight": 70
  },
  "4.7.33.31": {
    "name": "S-5KO HEAT/Frag",
    "weight": 50
  },
  "4.7.33.32": {
    "name": "S-8KOM HEAT/Frag",
    "weight": 70
  },
  "4.7.33.33": {
    "name": "S-13OF Blast/Fragmentation",
    "weight": 150
  },
  "4.7.33.34": {
    "name": "S-24B",
    "weight": 300
  },
  "4.7.33.35": {
    "name": "S-25-OFM Hardened Target Penetrator",
    "weight": 500
  },
  "4.7.33.37": {
    "name": "Zuni Mk. 24 Mod. 1 HE",
    "weight": 100
  },
  "4.7.33.442": {
    "name": "S-5M HE",
    "weight": 50
  }
}