{
    "effects": {
        "ailerons": {
            "damage_jolt": {
                "active": true,
                "base_frequency": 12,
                "curve1": [
                    {
                        "in": 0,
                        "out": 0
                    },
                    {
                        "in": 10.292825698852539,
                        "out": 49.74960708618164
                    },
                    {
                        "in": 16.77891731262207,
                        "out": 66.79185485839844
                    },
                    {
                        "in": 27.36456871032715,
                        "out": 80.5477294921875
                    },
                    {
                        "in": 35.0219612121582,
                        "out": 86.47887420654297
                    },
                    {
                        "in": 45.7540283203125,
                        "out": 90.2190933227539
                    },
                    {
                        "in": 56.7789192199707,
                        "out": 92.55086517333984
                    },
                    {
                        "in": 67.65739440917969,
                        "out": 94.10015106201172
                    },
                    {
                        "in": 80.14641571044922,
                        "out": 95.64945220947266
                    },
                    {
                        "in": 90,
                        "out": 97.19874572753906
                    },
                    {
                        "in": 100,
                        "out": 100
                    }
                ],
                "frequency_mode": 0,
                "total_effect_strength": 25
            },
            "generic_shaker": {
                "active": true,
                "base_frequency": 10,
                "curve1": [
                    {
                        "in": 0,
                        "out": 0
                    },
                    {
                        "in": 10,
                        "out": 10
                    },
                    {
                        "in": 20,
                        "out": 20
                    },
                    {
                        "in": 30,
                        "out": 30
                    },
                    {
                        "in": 40,
                        "out": 40
                    },
                    {
                        "in": 50,
                        "out": 50
                    },
                    {
                        "in": 60,
                        "out": 60
                    },
                    {
                        "in": 70,
                        "out": 70
                    },
                    {
                        "in": 80,
                        "out": 80
                    },
                    {
                        "in": 90,
                        "out": 90
                    },
                    {
                        "in": 100,
                        "out": 100
                    }
                ],
                "frequency_mode": 0,
                "total_effect_strength": 60
            },
            "gunfire_shaker": {
                "active": true,
                "gunfire": [
                    {
                        "active": true,
                        "base_frequency": 18,
                        "frequency_mode": 0,
                        "total_effect_strength": 25
                    },
                    {
                        "active": true,
                        "base_frequency": 16,
                        "frequency_mode": 0,
                        "total_effect_strength": 20
                    },
                    {
                        "active": true,
                        "base_frequency": 14,
                        "frequency_mode": 0,
                        "total_effect_strength": 20
                    },
                    {
                        "active": true,
                        "base_frequency": 12,
                        "frequency_mode": 0,
                        "total_effect_strength": 20
                    },
                    {
                        "active": true,
                        "base_frequency": 10,
                        "frequency_mode": 0,
                        "total_effect_strength": 20
                    }
                ]
            },
            "landing_jolt": {
                "active": true,
                "base_frequency": 10,
                "curve1": [
                    {
                        "in": 0,
                        "out": 90
                    },
                    {
                        "in": 25,
                        "out": 91
                    },
                    {
                        "in": 50,
                        "out": 92
                    },
                    {
                        "in": 75,
                        "out": 93
                    },
                    {
                        "in": 100,
                        "out": 94
                    },
                    {
                        "in": 125,
                        "out": 95
                    },
                    {
                        "in": 150,
                        "out": 96
                    },
                    {
                        "in": 175,
                        "out": 97
                    },
                    {
                        "in": 200,
                        "out": 98
                    },
                    {
                        "in": 225,
                        "out": 99
                    },
                    {
                        "in": 250,
                        "out": 100
                    }
                ],
                "curve2": [
                    {
                        "in": 0,
                        "out": 90
                    },
                    {
                        "in": 1,
                        "out": 91
                    },
                    {
                        "in": 2,
                        "out": 92
                    },
                    {
                        "in": 3,
                        "out": 93
                    },
                    {
                        "in": 4,
                        "out": 94
                    },
                    {
                        "in": 5,
                        "out": 95
                    },
                    {
                        "in": 6,
                        "out": 96
                    },
                    {
                        "in": 7,
                        "out": 97
                    },
                    {
                        "in": 8,
                        "out": 98
                    },
                    {
                        "in": 9,
                        "out": 99
                    },
                    {
                        "in": 10,
                        "out": 100
                    }
                ],
                "frequency_mode": 0,
                "max_frequency": 17,
                "total_effect_strength": 40
            },
            "rotor_shaker": {
                "active": true,
                "curve1": [
                    {
                        "in": 0,
                        "out": 0
                    },
                    {
                        "in": 50,
                        "out": 0
                    },
                    {
                        "in": 100,
                        "out": 13.355242729187012
                    },
                    {
                        "in": 134.3304901123047,
                        "out": 35.63380432128906
                    },
                    {
                        "in": 169.30792236328125,
                        "out": 44.44443893432617
                    },
                    {
                        "in": 228.57940673828125,
                        "out": 45.96244430541992
                    },
                    {
                        "in": 279.9508972167969,
                        "out": 37.76838684082031
                    },
                    {
                        "in": 329.9386291503906,
                        "out": 21.596240997314453
                    },
                    {
                        "in": 389.2550354003906,
                        "out": 10.641630172729492
                    },
                    {
                        "in": 444.98974609375,
                        "out": 3.5993759632110596
                    },
                    {
                        "in": 500,
                        "out": 0
                    }
                ],
                "frequency_multiplier": 2,
                "total_effect_strength": 10
            },
            "simple_spring": {
                "active": true,
                "curve1": [
                    {
                        "in": -100,
                        "out": -100
                    },
                    {
                        "in": -80,
                        "out": -80
                    },
                    {
                        "in": -60,
                        "out": -60
                    },
                    {
                        "in": -40,
                        "out": -40
                    },
                    {
                        "in": -20,
                        "out": -20
                    },
                    {
                        "in": 0,
                        "out": 0
                    },
                    {
                        "in": 20,
                        "out": 20
                    },
                    {
                        "in": 40,
                        "out": 40
                    },
                    {
                        "in": 60,
                        "out": 60
                    },
                    {
                        "in": 80,
                        "out": 80
                    },
                    {
                        "in": 100,
                        "out": 100
                    }
                ],
                "dampening_contribution": 0,
                "total_effect_strength": 15
            },
            "smart_damper": {
                "active": true,
                "dynamic_dampening": 0,
                "static_dampening": 100,
                "total_effect_strength": 100
            },
            "trim": {
                "active": true,
                "force_release_allowed": true,
                "trim_buttons_allowed": true,
                "trim_reset_allowed": true
            },
            "weapon_release_jolt": {
                "active": true,
                "base_frequency": 19,
                "curve1": [
                    {
                        "in": 0,
                        "out": 90
                    },
                    {
                        "in": 100,
                        "out": 91
                    },
                    {
                        "in": 200,
                        "out": 92
                    },
                    {
                        "in": 300,
                        "out": 93
                    },
                    {
                        "in": 400,
                        "out": 94
                    },
                    {
                        "in": 500,
                        "out": 95
                    },
                    {
                        "in": 600,
                        "out": 96
                    },
                    {
                        "in": 700,
                        "out": 97
                    },
                    {
                        "in": 800,
                        "out": 98
                    },
                    {
                        "in": 900,
                        "out": 99
                    },
                    {
                        "in": 1000,
                        "out": 100
                    }
                ],
                "frequency_mode": 0,
                "total_effect_strength": 40
            }
        },
        "elevator": {
            "damage_jolt": {
                "active": true,
                "base_frequency": 10,
                "curve1": [
                    {
                        "in": 0,
                        "out": 0
                    },
                    {
                        "in": 6.778916358947754,
                        "out": 32.848201751708984
                    },
                    {
                        "in": 13.411420822143555,
                        "out": 54.272300720214844
                    },
                    {
                        "in": 22.972183227539062,
                        "out": 69.7496109008789
                    },
                    {
                        "in": 33.78184509277344,
                        "out": 81.6275405883789
                    },
                    {
                        "in": 44.43631362915039,
                        "out": 87.87167358398438
                    },
                    {
                        "in": 56.92532730102539,
                        "out": 91.61189270019531
                    },
                    {
                        "in": 69.12152099609375,
                        "out": 94.41314697265625
                    },
                    {
                        "in": 79.56076049804688,
                        "out": 96.11893463134766
                    },
                    {
                        "in": 89.26793670654297,
                        "out": 97.82472229003906
                    },
                    {
                        "in": 100,
                        "out": 100
                    }
                ],
                "frequency_mode": 0,
                "total_effect_strength": 25
            },
            "generic_shaker": {
                "active": true,
                "base_frequency": 13,
                "curve1": [
                    {
                        "in": 0,
                        "out": 0
                    },
                    {
                        "in": 10,
                        "out": 10
                    },
                    {
                        "in": 20,
                        "out": 20
                    },
                    {
                        "in": 30,
                        "out": 30
                    },
                    {
                        "in": 40,
                        "out": 40
                    },
                    {
                        "in": 50,
                        "out": 50
                    },
                    {
                        "in": 60,
                        "out": 60
                    },
                    {
                        "in": 70,
                        "out": 70
                    },
                    {
                        "in": 80,
                        "out": 80
                    },
                    {
                        "in": 90,
                        "out": 90
                    },
                    {
                        "in": 100,
                        "out": 100
                    }
                ],
                "frequency_mode": 0,
                "total_effect_strength": 50
            },
            "gunfire_shaker": {
                "active": true,
                "gunfire": [
                    {
                        "active": true,
                        "base_frequency": 20,
                        "frequency_mode": 0,
                        "total_effect_strength": 25
                    },
                    {
                        "active": true,
                        "base_frequency": 18,
                        "frequency_mode": 0,
                        "total_effect_strength": 25
                    },
                    {
                        "active": true,
                        "base_frequency": 16,
                        "frequency_mode": 0,
                        "total_effect_strength": 25
                    },
                    {
                        "active": true,
                        "base_frequency": 14,
                        "frequency_mode": 0,
                        "total_effect_strength": 25
                    },
                    {
                        "active": true,
                        "base_frequency": 12,
                        "frequency_mode": 0,
                        "total_effect_strength": 25
                    }
                ]
            },
            "simple_spring": {
                "active": true,
                "curve1": [
                    {
                        "in": -100,
                        "out": -100
                    },
                    {
                        "in": -80,
                        "out": -80
                    },
                    {
                        "in": -60,
                        "out": -60
                    },
                    {
                        "in": -40,
                        "out": -40
                    },
                    {
                        "in": -20,
                        "out": -20
                    },
                    {
                        "in": 0,
                        "out": 0
                    },
                    {
                        "in": 20,
                        "out": 20
                    },
                    {
                        "in": 40,
                        "out": 40
                    },
                    {
                        "in": 60,
                        "out": 60
                    },
                    {
                        "in": 80,
                        "out": 80
                    },
                    {
                        "in": 100,
                        "out": 100
                    }
                ],
                "dampening_contribution": 0,
                "total_effect_strength": 15
            },
            "smart_damper": {
                "active": true,
                "dynamic_dampening": 0,
                "static_dampening": 100,
                "total_effect_strength": 100
            },
            "trim": {
                "active": true,
                "force_release_allowed": true,
                "trim_buttons_allowed": true,
                "trim_reset_allowed": true
            },
            "weapon_release_jolt": {
                "active": true,
                "base_frequency": 10,
                "curve1": [
                    {
                        "in": 0,
                        "out": 0
                    },
                    {
                        "in": 76.67638397216797,
                        "out": 26.27543067932129
                    },
                    {
                        "in": 160.64141845703125,
                        "out": 44.88262939453125
                    },
                    {
                        "in": 267.9300231933594,
                        "out": 60.35993576049805
                    },
                    {
                        "in": 389.7958984375,
                        "out": 72.23786926269531
                    },
                    {
                        "in": 488.3381652832031,
                        "out": 80.35993957519531
                    },
                    {
                        "in": 597.0845947265625,
                        "out": 85.97809600830078
                    },
                    {
                        "in": 704.3732299804688,
                        "out": 90.65727233886719
                    },
                    {
                        "in": 798.542236328125,
                        "out": 94.2409896850586
                    },
                    {
                        "in": 892.71142578125,
                        "out": 96.57276916503906
                    },
                    {
                        "in": 1000,
                        "out": 100
                    }
                ],
                "frequency_mode": 0,
                "total_effect_strength": 25
            }
        },
        "rudder": {
            "generic_shaker": {
                "active": true,
                "base_frequency": 14,
                "curve1": [
                    {
                        "in": 0,
                        "out": 0
                    },
                    {
                        "in": 10,
                        "out": 10
                    },
                    {
                        "in": 20,
                        "out": 20
                    },
                    {
                        "in": 30,
                        "out": 30
                    },
                    {
                        "in": 40,
                        "out": 40
                    },
                    {
                        "in": 50,
                        "out": 50
                    },
                    {
                        "in": 60,
                        "out": 60
                    },
                    {
                        "in": 70,
                        "out": 70
                    },
                    {
                        "in": 80,
                        "out": 80
                    },
                    {
                        "in": 90,
                        "out": 90
                    },
                    {
                        "in": 100,
                        "out": 100
                    }
                ],
                "frequency_mode": 0,
                "total_effect_strength": 30
            },
            "gunfire_shaker": {
                "active": true,
                "gunfire": [
                    {
                        "active": true,
                        "base_frequency": 13,
                        "frequency_mode": 0,
                        "total_effect_strength": 70
                    },
                    {
                        "active": true,
                        "base_frequency": 20,
                        "frequency_mode": 0,
                        "total_effect_strength": 0
                    },
                    {
                        "active": true,
                        "base_frequency": 20,
                        "frequency_mode": 0,
                        "total_effect_strength": 0
                    },
                    {
                        "active": true,
                        "base_frequency": 20,
                        "frequency_mode": 0,
                        "total_effect_strength": 0
                    },
                    {
                        "active": true,
                        "base_frequency": 20,
                        "frequency_mode": 0,
                        "total_effect_strength": 0
                    }
                ]
            },
            "landing_jolt": {
                "active": true,
                "base_frequency": 10,
                "curve1": [
                    {
                        "in": 0,
                        "out": 90
                    },
                    {
                        "in": 25,
                        "out": 91
                    },
                    {
                        "in": 50,
                        "out": 92
                    },
                    {
                        "in": 75,
                        "out": 93
                    },
                    {
                        "in": 100,
                        "out": 94
                    },
                    {
                        "in": 125,
                        "out": 95
                    },
                    {
                        "in": 150,
                        "out": 96
                    },
                    {
                        "in": 175,
                        "out": 97
                    },
                    {
                        "in": 200,
                        "out": 98
                    },
                    {
                        "in": 225,
                        "out": 99
                    },
                    {
                        "in": 250,
                        "out": 100
                    }
                ],
                "curve2": [
                    {
                        "in": 0,
                        "out": 90
                    },
                    {
                        "in": 1,
                        "out": 91
                    },
                    {
                        "in": 2,
                        "out": 92
                    },
                    {
                        "in": 3,
                        "out": 93
                    },
                    {
                        "in": 4,
                        "out": 94
                    },
                    {
                        "in": 5,
                        "out": 95
                    },
                    {
                        "in": 6,
                        "out": 96
                    },
                    {
                        "in": 7,
                        "out": 97
                    },
                    {
                        "in": 8,
                        "out": 98
                    },
                    {
                        "in": 9,
                        "out": 99
                    },
                    {
                        "in": 10,
                        "out": 100
                    }
                ],
                "frequency_mode": 0,
                "max_frequency": 17,
                "total_effect_strength": 30
            },
            "simple_spring": {
                "active": true,
                "curve1": [
                    {
                        "in": -100,
                        "out": -100
                    },
                    {
                        "in": -80,
                        "out": -80
                    },
                    {
                        "in": -60,
                        "out": -60
                    },
                    {
                        "in": -40,
                        "out": -40
                    },
                    {
                        "in": -20,
                        "out": -20
                    },
                    {
                        "in": 0,
                        "out": 0
                    },
                    {
                        "in": 20,
                        "out": 20
                    },
                    {
                        "in": 40,
                        "out": 40
                    },
                    {
                        "in": 60,
                        "out": 60
                    },
                    {
                        "in": 80,
                        "out": 80
                    },
                    {
                        "in": 100,
                        "out": 100
                    }
                ],
                "dampening_contribution": 0,
                "total_effect_strength": 15
            },
            "smart_damper": {
                "active": true,
                "dynamic_dampening": 0,
                "static_dampening": 500,
                "total_effect_strength": 100
            },
            "weapon_release_jolt": {
                "active": true,
                "base_frequency": 14,
                "curve1": [
                    {
                        "in": 0,
                        "out": 90
                    },
                    {
                        "in": 100,
                        "out": 91
                    },
                    {
                        "in": 200,
                        "out": 92
                    },
                    {
                        "in": 300,
                        "out": 93
                    },
                    {
                        "in": 400,
                        "out": 94
                    },
                    {
                        "in": 500,
                        "out": 95
                    },
                    {
                        "in": 600,
                        "out": 96
                    },
                    {
                        "in": 700,
                        "out": 97
                    },
                    {
                        "in": 800,
                        "out": 98
                    },
                    {
                        "in": 900,
                        "out": 99
                    },
                    {
                        "in": 1000,
                        "out": 100
                    }
                ],
                "frequency_mode": 0,
                "total_effect_strength": 40
            }
        },
        "shaker": {
        },
        "throttle_collective": {
        }
    },
    "metadata": {
        "comment": "Telemetry",
        "flight_data_source": 1,
        "flight_module": "AH-64",
        "version": {
            "release_major": 25,
            "release_minor": 1,
            "release_patch": 4,
            "release_type": 1
        }
    }
}
