{
    "effects": {
        "ailerons": {
            "airspeed_spring": {
                "active": true,
                "curve1": [
                    {
                        "in": 0,
                        "out": 0
                    },
                    {
                        "in": 100,
                        "out": 1
                    },
                    {
                        "in": 200,
                        "out": 4
                    },
                    {
                        "in": 300,
                        "out": 9
                    },
                    {
                        "in": 400,
                        "out": 16
                    },
                    {
                        "in": 500,
                        "out": 25
                    },
                    {
                        "in": 600,
                        "out": 36
                    },
                    {
                        "in": 700,
                        "out": 49
                    },
                    {
                        "in": 800,
                        "out": 64
                    },
                    {
                        "in": 900,
                        "out": 81
                    },
                    {
                        "in": 1000,
                        "out": 100
                    }
                ],
                "dampening_contribution": 100,
                "total_effect_strength": 100
            },
            "condor_shaker": {
                "active": true,
                "base_frequency": 15,
                "frequency_mode": 0,
                "total_effect_strength": 70
            },
            "gear_jolt": {
                "active": true,
                "base_frequency": 17,
                "frequency_mode": 0,
                "total_effect_strength": 18
            },
            "landing_jolt": {
                "active": true,
                "base_frequency": 4,
                "curve1": [
                    {
                        "in": 0,
                        "out": 0
                    },
                    {
                        "in": 25,
                        "out": 19
                    },
                    {
                        "in": 50,
                        "out": 36
                    },
                    {
                        "in": 75,
                        "out": 51
                    },
                    {
                        "in": 100,
                        "out": 64
                    },
                    {
                        "in": 125,
                        "out": 75
                    },
                    {
                        "in": 150,
                        "out": 84
                    },
                    {
                        "in": 175,
                        "out": 91
                    },
                    {
                        "in": 200,
                        "out": 96
                    },
                    {
                        "in": 225,
                        "out": 99
                    },
                    {
                        "in": 250,
                        "out": 100
                    }
                ],
                "curve2": [
                    {
                        "in": 0,
                        "out": 0
                    },
                    {
                        "in": 1,
                        "out": 10
                    },
                    {
                        "in": 2,
                        "out": 20
                    },
                    {
                        "in": 3,
                        "out": 30
                    },
                    {
                        "in": 4,
                        "out": 40
                    },
                    {
                        "in": 5,
                        "out": 50
                    },
                    {
                        "in": 6,
                        "out": 60
                    },
                    {
                        "in": 7,
                        "out": 70
                    },
                    {
                        "in": 8,
                        "out": 80
                    },
                    {
                        "in": 9,
                        "out": 90
                    },
                    {
                        "in": 10,
                        "out": 100
                    }
                ],
                "frequency_mode": 0,
                "max_frequency": 17,
                "total_effect_strength": 70
            },
            "on_ground_shaker": {
                "active": true,
                "base_frequency": 3,
                "curve1": [
                    {
                        "in": 0,
                        "out": 0
                    },
                    {
                        "in": 25,
                        "out": 19
                    },
                    {
                        "in": 50,
                        "out": 36
                    },
                    {
                        "in": 75,
                        "out": 51
                    },
                    {
                        "in": 100,
                        "out": 64
                    },
                    {
                        "in": 125,
                        "out": 75
                    },
                    {
                        "in": 150,
                        "out": 84
                    },
                    {
                        "in": 175,
                        "out": 91
                    },
                    {
                        "in": 200,
                        "out": 96
                    },
                    {
                        "in": 225,
                        "out": 99
                    },
                    {
                        "in": 250,
                        "out": 100
                    }
                ],
                "frequency_mode": 0,
                "max_frequency": 19,
                "total_effect_strength": 20
            },
            "smart_damper": {
                "active": true,
                "dynamic_dampening": 50,
                "static_dampening": 10,
                "total_effect_strength": 100
            }
        },
        "elevator": {
            "airspeed_spring": {
                "active": true,
                "curve1": [
                    {
                        "in": 0,
                        "out": 0
                    },
                    {
                        "in": 100,
                        "out": 1
                    },
                    {
                        "in": 200,
                        "out": 4
                    },
                    {
                        "in": 300,
                        "out": 9
                    },
                    {
                        "in": 400,
                        "out": 16
                    },
                    {
                        "in": 500,
                        "out": 25
                    },
                    {
                        "in": 600,
                        "out": 36
                    },
                    {
                        "in": 700,
                        "out": 49
                    },
                    {
                        "in": 800,
                        "out": 64
                    },
                    {
                        "in": 900,
                        "out": 81
                    },
                    {
                        "in": 1000,
                        "out": 100
                    }
                ],
                "dampening_contribution": 100,
                "total_effect_strength": 100
            },
            "gear_jolt": {
                "active": true,
                "base_frequency": 20,
                "frequency_mode": 0,
                "total_effect_strength": 20
            },
            "landing_jolt": {
                "active": true,
                "base_frequency": 6,
                "curve1": [
                    {
                        "in": 0,
                        "out": 0
                    },
                    {
                        "in": 25,
                        "out": 19
                    },
                    {
                        "in": 50,
                        "out": 36
                    },
                    {
                        "in": 75,
                        "out": 51
                    },
                    {
                        "in": 100,
                        "out": 64
                    },
                    {
                        "in": 125,
                        "out": 75
                    },
                    {
                        "in": 150,
                        "out": 84
                    },
                    {
                        "in": 175,
                        "out": 91
                    },
                    {
                        "in": 200,
                        "out": 96
                    },
                    {
                        "in": 225,
                        "out": 99
                    },
                    {
                        "in": 250,
                        "out": 100
                    }
                ],
                "curve2": [
                    {
                        "in": 0,
                        "out": 0
                    },
                    {
                        "in": 1,
                        "out": 10
                    },
                    {
                        "in": 2,
                        "out": 20
                    },
                    {
                        "in": 3,
                        "out": 30
                    },
                    {
                        "in": 4,
                        "out": 40
                    },
                    {
                        "in": 5,
                        "out": 50
                    },
                    {
                        "in": 6,
                        "out": 60
                    },
                    {
                        "in": 7,
                        "out": 70
                    },
                    {
                        "in": 8,
                        "out": 80
                    },
                    {
                        "in": 9,
                        "out": 90
                    },
                    {
                        "in": 10,
                        "out": 100
                    }
                ],
                "frequency_mode": 0,
                "max_frequency": 18,
                "total_effect_strength": 40
            },
            "on_ground_shaker": {
                "active": true,
                "base_frequency": 11,
                "curve1": [
                    {
                        "in": 0,
                        "out": 0
                    },
                    {
                        "in": 25,
                        "out": 19
                    },
                    {
                        "in": 50,
                        "out": 36
                    },
                    {
                        "in": 75,
                        "out": 51
                    },
                    {
                        "in": 100,
                        "out": 64
                    },
                    {
                        "in": 125,
                        "out": 75
                    },
                    {
                        "in": 150,
                        "out": 84
                    },
                    {
                        "in": 175,
                        "out": 91
                    },
                    {
                        "in": 200,
                        "out": 96
                    },
                    {
                        "in": 225,
                        "out": 99
                    },
                    {
                        "in": 250,
                        "out": 100
                    }
                ],
                "frequency_mode": 0,
                "max_frequency": 20,
                "total_effect_strength": 29
            },
            "smart_damper": {
                "active": true,
                "dynamic_dampening": 50,
                "static_dampening": 10,
                "total_effect_strength": 100
            }
        },
        "rudder": {
        },
        "throttle_collective": {
        }
    },
    "metadata": {
        "comment": "",
        "flight_data_source": 1,
        "flight_module": "Yak-52"
    }
}
